c1,c1_context,c2,c2_context,match_type
pt. amerta indah otsuka,"PT Amerta Indah Otsuka is affiliation from Otsuka Pharmaceutical Co., Ltd Japan with our leading products Pocari Sweat, SOYJOY, ion water, Oronamin C, and Fibe Mini. Our philosophy is ""Otsuka-people creating new products for better health worldwide"".",pt amarta indah otsuka,"PT Amerta Indah Otsuka is affiliation from Otsuka Pharmaceutical Co., Ltd Japan with our leading products Pocari Sweat, SOYJOY, ion water, Oronamin C, and Fibe Mini. Our philosophy is ""Otsuka-people creating new products for better health worldwide"".",Match
pt. amerta indah otsuka,"PT Amerta Indah Otsuka is affiliation from Otsuka Pharmaceutical Co., Ltd Japan with our leading products Pocari Sweat, SOYJOY, ion water, Oronamin C, and Fibe Mini. Our philosophy is ""Otsuka-people creating new products for better health worldwide"".",pt amerta indah tuska,"PT Amerta Indah Otsuka is affiliation from Otsuka Pharmaceutical Co., Ltd Japan with our leading products Pocari Sweat, SOYJOY, ion water, Oronamin C, and Fibe Mini. Our philosophy is ""Otsuka-people creating new products for better health worldwide"".",Match
pt. amerta indah otsuka,"PT Amerta Indah Otsuka is affiliation from Otsuka Pharmaceutical Co., Ltd Japan with our leading products Pocari Sweat, SOYJOY, ion water, Oronamin C, and Fibe Mini. Our philosophy is ""Otsuka-people creating new products for better health worldwide"".",amerta indah otsuka,"Company overview
PT Amerta Indah Otsuka (AIO) is established in 1997, we are part of Otsuka Pharmaceutical Co. Ltd. with our leading products Pocari Sweat, SOYJOY, Ion Water, Oronamin C, and Fibe Mini. Our philosophy is creating new products for better health worldwide.",Match
pt. amerta indah otsuka,"PT Amerta Indah Otsuka is affiliation from Otsuka Pharmaceutical Co., Ltd Japan with our leading products Pocari Sweat, SOYJOY, ion water, Oronamin C, and Fibe Mini. Our philosophy is ""Otsuka-people creating new products for better health worldwide"".",amerta indah otska,"Company overview
PT Amerta Indah Otsuka (AIO) is established in 1997, we are part of Otsuka Pharmaceutical Co. Ltd. with our leading products Pocari Sweat, SOYJOY, Ion Water, Oronamin C, and Fibe Mini. Our philosophy is creating new products for better health worldwide.",Match
pt. amerta indah otsuka,"PT Amerta Indah Otsuka is affiliation from Otsuka Pharmaceutical Co., Ltd Japan with our leading products Pocari Sweat, SOYJOY, ion water, Oronamin C, and Fibe Mini. Our philosophy is ""Otsuka-people creating new products for better health worldwide"".",pt amerta indahotsuka,"PT Amerta Indah Otsuka is affiliation from Otsuka Pharmaceutical Co., Ltd Japan with our leading products Pocari Sweat, SOYJOY, ion water, Oronamin C, and Fibe Mini. Our philosophy is ""Otsuka-people creating new products for better health worldwide"".",Match
pt. amerta indah otsuka,"PT Amerta Indah Otsuka is affiliation from Otsuka Pharmaceutical Co., Ltd Japan with our leading products Pocari Sweat, SOYJOY, ion water, Oronamin C, and Fibe Mini. Our philosophy is ""Otsuka-people creating new products for better health worldwide"".",amerta indah otuka,"Company overview
PT Amerta Indah Otsuka (AIO) is established in 1997, we are part of Otsuka Pharmaceutical Co. Ltd. with our leading products Pocari Sweat, SOYJOY, Ion Water, Oronamin C, and Fibe Mini. Our philosophy is creating new products for better health worldwide.",Match
pt. amerta indah otsuka,"PT Amerta Indah Otsuka is affiliation from Otsuka Pharmaceutical Co., Ltd Japan with our leading products Pocari Sweat, SOYJOY, ion water, Oronamin C, and Fibe Mini. Our philosophy is ""Otsuka-people creating new products for better health worldwide"".",a.i. otsuka,"Ai Otsuka is a Japanese singer-songwriter from Suminoe-ku, Osaka, Japan. She is a popular artist on the Avex Trax label and is best known for her 2003 hit ...",Match
pt.enseval putera megatrading tbk,"PT Enseval Putera Megatrading Tbk is a general distributor dealing in pharmaceutical products, consumer products, and medical devices. It also acts as an agent and distributor of chemical raw materials for the pharmaceutical, cosmetics, and food industries.",pt enseval putera megatrading,"PT Enseval Putera Megatrading Tbk is a general distributor dealing in pharmaceutical products, consumer products, and medical devices. It also acts as an agent and distributor of chemical raw materials for the pharmaceutical, cosmetics, and food industries.",Match
pt.enseval putera megatrading tbk,"PT Enseval Putera Megatrading Tbk is a general distributor dealing in pharmaceutical products, consumer products, and medical devices. It also acts as an agent and distributor of chemical raw materials for the pharmaceutical, cosmetics, and food industries.",pt enseval puteramegatrading,"PT Enseval Putera Megatrading Tbk is a general distributor dealing in pharmaceutical products, consumer products, and medical devices. It also acts as an agent and distributor of chemical raw materials for the pharmaceutical, cosmetics, and food industries.",Match
pt.enseval putera megatrading tbk,"PT Enseval Putera Megatrading Tbk is a general distributor dealing in pharmaceutical products, consumer products, and medical devices. It also acts as an agent and distributor of chemical raw materials for the pharmaceutical, cosmetics, and food industries.",pt. enseval putra megatrading tbk,"PT Enseval Putera Megatrading Tbk is a general distributor dealing in pharmaceutical products, consumer products, and medical devices. It also acts as an agent and distributor of chemical raw materials for the pharmaceutical, cosmetics, and food industries.",Match
pt.enseval putera megatrading tbk,"PT Enseval Putera Megatrading Tbk is a general distributor dealing in pharmaceutical products, consumer products, and medical devices. It also acts as an agent and distributor of chemical raw materials for the pharmaceutical, cosmetics, and food industries.",enseval putera megatrading tbk,"The company operates through Pharmaceutical, Consumer Products, and Others segments. It also trades in medical and laboratory equipment and supplies; operates drug stores and health care clinics. In addition, the company offers dental and other equipment, as well as calibration services.",Match
pt.enseval putera megatrading tbk,"PT Enseval Putera Megatrading Tbk is a general distributor dealing in pharmaceutical products, consumer products, and medical devices. It also acts as an agent and distributor of chemical raw materials for the pharmaceutical, cosmetics, and food industries.",pt. ensevel putera megatrading tbk,"PT Enseval Putera Megatrading Tbk is a general distributor dealing in pharmaceutical products, consumer products, and medical devices. It also acts as an agent and distributor of chemical raw materials for the pharmaceutical, cosmetics, and food industries.",Match
pt.enseval putera megatrading tbk,"PT Enseval Putera Megatrading Tbk is a general distributor dealing in pharmaceutical products, consumer products, and medical devices. It also acts as an agent and distributor of chemical raw materials for the pharmaceutical, cosmetics, and food industries.",pt enseval putera,"PT Enseval Putera Megatrading Tbk is a general distributor dealing in pharmaceutical products, consumer products, and medical devices. It also acts as an agent and distributor of chemical raw materials for the pharmaceutical, cosmetics, and food industries.",Match
pt.enseval putera megatrading tbk,"PT Enseval Putera Megatrading Tbk is a general distributor dealing in pharmaceutical products, consumer products, and medical devices. It also acts as an agent and distributor of chemical raw materials for the pharmaceutical, cosmetics, and food industries.",enseval putera megatrading,"PT Enseval Putera Megatrading Tbk is a general distributor dealing in pharmaceutical products, consumer products, and medical devices. It also acts as an agent and distributor of chemical raw materials for the pharmaceutical, cosmetics, and food industries.",Match
pt. commonwealth life,PT Commonwealth Life is a life insurance venture and Commonwealth Bank of Australia's Indonesian banking business.,commonwealth life,"Founded in 1904, Commonwealth Life Insurance Company was housed in the Commonwealth Building in Louisville, Kentucky. Commonwealth Life was intended to serve as a catalyst to economic development in Kentucky, and as a means to keep both business and capital within state borders.",Match
pt. commonwealth life,PT Commonwealth Life is a life insurance venture and Commonwealth Bank of Australia's Indonesian banking business.,pt cwlth life,"The company's activities include insurance products such as protection, deposits and investments in unit link program (investra Link), traditional life insurance, protection against savings and credit (COMM Protection), and additional insurance programs (accident insurance, hospitalization, critical illness), enabling ...",Match
pt. commonwealth life,PT Commonwealth Life is a life insurance venture and Commonwealth Bank of Australia's Indonesian banking business.,commonwealth life indonesia,"Dec 23, 2012 —",Match
pt. commonwealth life,PT Commonwealth Life is a life insurance venture and Commonwealth Bank of Australia's Indonesian banking business.,commonwealth life pt,"Company description. Commonwealth Life. PT - Bekasi is located in Bekasi, Indonesia. Company is working in Financial Activity business activities. Visit ...",Match
pt. commonwealth life,PT Commonwealth Life is a life insurance venture and Commonwealth Bank of Australia's Indonesian banking business.,common wealth life,"Alex Mazer. is a Founding Partner at Common Wealth, a mission-driven business focused on expanding access to retirement security. Common Wealth partners with associations, unions, and other groups to build and manage large-scale, collective retirement plans.",Match
pt. commonwealth life,PT Commonwealth Life is a life insurance venture and Commonwealth Bank of Australia's Indonesian banking business.,pt clife,"PT. LIFE CYCLE INDONESIA · Management, Scientific, and Technical Consulting Services · Professional, Scientific, and Technical Services , Environmental ...",Match
pt. commonwealth life,PT Commonwealth Life is a life insurance venture and Commonwealth Bank of Australia's Indonesian banking business.,pt. commonwealthlife,PT Commonwealth Life is a life insurance venture and Commonwealth Bank of Australia's Indonesian banking business.,Match
sriwijaya air,"Sriwijaya Air is one of the Indonesian domestic leading airlines. It carries over 950,000 passengers per month, from its hub at SoekarnoHatta International Airport to 53 destinations within Indonesia and three regional countries, including extraordinary and popular tourism spots in Indonesia and regional countries.",srywijaya air,"Sriwijaya Air is one of the Indonesian domestic leading airlines. It carries over 950,000 passengers per month, from its hub at SoekarnoHatta International Airport to 53 destinations within Indonesia and three regional countries, including extraordinary and popular tourism spots in Indonesia and regional countries.",Match
sriwijaya air,"Sriwijaya Air is one of the Indonesian domestic leading airlines. It carries over 950,000 passengers per month, from its hub at SoekarnoHatta International Airport to 53 destinations within Indonesia and three regional countries, including extraordinary and popular tourism spots in Indonesia and regional countries.",sriwijaya airways,"Airline Schedule to Semarang. Sriwijaya Airways offers one daily flight to Surabaya, with a fixed schedule. The schedule is as follows: Flight Number. Airport.",Match
sriwijaya air,"Sriwijaya Air is one of the Indonesian domestic leading airlines. It carries over 950,000 passengers per month, from its hub at SoekarnoHatta International Airport to 53 destinations within Indonesia and three regional countries, including extraordinary and popular tourism spots in Indonesia and regional countries.",srijaya air,"Sriwijaya Air is one of the Indonesian domestic leading airlines. It carries over 950,000 passengers per month, from its hub at SoekarnoHatta International Airport to 53 destinations within Indonesia and three regional countries, including extraordinary and popular tourism spots in Indonesia and regional countries.",Match
sriwijaya air,"Sriwijaya Air is one of the Indonesian domestic leading airlines. It carries over 950,000 passengers per month, from its hub at SoekarnoHatta International Airport to 53 destinations within Indonesia and three regional countries, including extraordinary and popular tourism spots in Indonesia and regional countries.",sriwijaya,"Sriwijaya Air is one of the Indonesian domestic leading airlines. It carries over 950,000 passengers per month, from its hub at SoekarnoHatta International Airport to 53 destinations within Indonesia and three regional countries, including extraordinary and popular tourism spots in Indonesia and regional countries.",Match
sriwijaya air,"Sriwijaya Air is one of the Indonesian domestic leading airlines. It carries over 950,000 passengers per month, from its hub at SoekarnoHatta International Airport to 53 destinations within Indonesia and three regional countries, including extraordinary and popular tourism spots in Indonesia and regional countries.",sriwijaya airlines,"Sriwijaya Air, founded in 2003, is Indonesia's third largest airline carrier. The airline provides service to 53 destinations within Indonesia and three regional countries. According to the airline's website, it carries over 950,000 passengers per month.Jan 9, 2021",Match
sriwijaya air,"Sriwijaya Air is one of the Indonesian domestic leading airlines. It carries over 950,000 passengers per month, from its hub at SoekarnoHatta International Airport to 53 destinations within Indonesia and three regional countries, including extraordinary and popular tourism spots in Indonesia and regional countries.",sriwijayair,"Sriwijaya Air is one of the Indonesian domestic leading airlines. It carries over 950,000 passengers per month, from its hub at SoekarnoHatta International Airport to 53 destinations within Indonesia and three regional countries, including extraordinary and popular tourism spots in Indonesia and regional countries.",Match
sriwijaya air,"Sriwijaya Air is one of the Indonesian domestic leading airlines. It carries over 950,000 passengers per month, from its hub at SoekarnoHatta International Airport to 53 destinations within Indonesia and three regional countries, including extraordinary and popular tourism spots in Indonesia and regional countries.",srijiwaya air,"Sriwijaya Air is one of the Indonesian domestic leading airlines. It carries over 950,000 passengers per month, from its hub at SoekarnoHatta International Airport to 53 destinations within Indonesia and three regional countries, including extraordinary and popular tourism spots in Indonesia and regional countries.",Match
bappenas,"BAPPENAS, the Ministry of National Development Planning, Republic of Indonesia, is an Indonesian central government institution which is responsible for formulating national development planning and budgeting (annual, five-years, and long term).",bapenna,"Indonesia's BAPENNA, co-leading the. SDG and NDC implementation, also received a ministerial rank under the presidency office in 2015. 11 The Ministry for ...",Match
bappenas,"BAPPENAS, the Ministry of National Development Planning, Republic of Indonesia, is an Indonesian central government institution which is responsible for formulating national development planning and budgeting (annual, five-years, and long term).",bapenas,bapenas. 28 likes. Local business.,Match
bappenas,"BAPPENAS, the Ministry of National Development Planning, Republic of Indonesia, is an Indonesian central government institution which is responsible for formulating national development planning and budgeting (annual, five-years, and long term).",bappena,"According to the GICS (Global Industry Classification Standard) version of March 2023, B A P P E N A S's industry classification falls within the following ...",Match
bappenas,"BAPPENAS, the Ministry of National Development Planning, Republic of Indonesia, is an Indonesian central government institution which is responsible for formulating national development planning and budgeting (annual, five-years, and long term).",bapenas ibk,No Desc,Match
bappenas,"BAPPENAS, the Ministry of National Development Planning, Republic of Indonesia, is an Indonesian central government institution which is responsible for formulating national development planning and budgeting (annual, five-years, and long term).",bebappenan,No Desc,Match
bappenas,"BAPPENAS, the Ministry of National Development Planning, Republic of Indonesia, is an Indonesian central government institution which is responsible for formulating national development planning and budgeting (annual, five-years, and long term).",bappennas,"BAPPENAS, the Ministry of National Development Planning, Republic of Indonesia, is an Indonesian central government institution which is responsible for formulating national development planning and budgeting (annual, five-years, and long term).",Match
bappenas,"BAPPENAS, the Ministry of National Development Planning, Republic of Indonesia, is an Indonesian central government institution which is responsible for formulating national development planning and budgeting (annual, five-years, and long term).",bappnas,"BAPPENAS, the Ministry of National Development Planning, Republic of Indonesia, is an Indonesian central government institution which is responsible for formulating national development planning and budgeting (annual, five-years, and long term).",Match
pt.bank artha graha internasional tbk,"Company Information
PT Bank Artha Graha Internasional Tbk is an Indonesia-based company that is engaged in the banking services. The Company operates through four segments: Productive, Consumer, Treasury and Others.",pt bank artha graha internasional tbk,"Company Information
PT Bank Artha Graha Internasional Tbk is an Indonesia-based company that is engaged in the banking services. The Company operates through four segments: Productive, Consumer, Treasury and Others.",Match
pt.bank artha graha internasional tbk,"Company Information
PT Bank Artha Graha Internasional Tbk is an Indonesia-based company that is engaged in the banking services. The Company operates through four segments: Productive, Consumer, Treasury and Others.",bank artha graha internasional tbk,"Company Information
PT Bank Artha Graha Internasional Tbk is an Indonesia-based company that is engaged in the banking services. The Company operates through four segments: Productive, Consumer, Treasury and Others.",Match
pt.bank artha graha internasional tbk,"Company Information
PT Bank Artha Graha Internasional Tbk is an Indonesia-based company that is engaged in the banking services. The Company operates through four segments: Productive, Consumer, Treasury and Others.",bank artha graha,"PT Bank Artha Graha Internasional Tbk is an Indonesia-based company that is engaged in the banking services. The Company operates through four segments: Productive, Consumer, Treasury and Others.",Match
pt.bank artha graha internasional tbk,"Company Information
PT Bank Artha Graha Internasional Tbk is an Indonesia-based company that is engaged in the banking services. The Company operates through four segments: Productive, Consumer, Treasury and Others.",pt artha graha internasional,"... PT Artha Graha Internasional Tbk (hereinafter refer to as Bank Artha Graha Internasional or Bank), is written in order to comply with the regulatory ...",Match
pt.bank artha graha internasional tbk,"Company Information
PT Bank Artha Graha Internasional Tbk is an Indonesia-based company that is engaged in the banking services. The Company operates through four segments: Productive, Consumer, Treasury and Others.",arthagraha internasional tbk,"... ArthaGraha Internasional, Tbk through a. Collective Labor Agreement (PKB) which regulates the rights and obligations of employees to the company and vice ...",Match
pt.bank artha graha internasional tbk,"Company Information
PT Bank Artha Graha Internasional Tbk is an Indonesia-based company that is engaged in the banking services. The Company operates through four segments: Productive, Consumer, Treasury and Others.",ptbagi tbk,"... (PTBA) Tbk as a Mechanical Engineer (2009-2012),Supervisor Trouble Shooting ... Adapting IT to anticipate business changes and information technology developments ...",Match
pt.bank artha graha internasional tbk,"Company Information
PT Bank Artha Graha Internasional Tbk is an Indonesia-based company that is engaged in the banking services. The Company operates through four segments: Productive, Consumer, Treasury and Others.",bank artha,"PT Bank Artha Graha Internasional Tbk is an Indonesia-based company that is engaged in the banking services. The Company operates through four segments: Productive, Consumer, Treasury and Others.",Match
honda prospect motor,"PT Honda Prospect Motor (abbreviated HPM) is a subsidiary of Honda automobiles for production, marketing and export of passenger cars in Indonesia.",honda prosect motor,"PT Honda Prospect Motor (abbreviated HPM) is a subsidiary of Honda automobiles for production, marketing and export of passenger cars in Indonesia.",Match
honda prospect motor,"PT Honda Prospect Motor (abbreviated HPM) is a subsidiary of Honda automobiles for production, marketing and export of passenger cars in Indonesia.",honda motor,"Honda Motor Company, Ltd., leading Japanese manufacturer of motorcycles and a major producer of automobiles for the world market. Headquarters are in Tokyo. Since 1959 it has been the top-selling motorcycle company in the world.5 days ago",Match
honda prospect motor,"PT Honda Prospect Motor (abbreviated HPM) is a subsidiary of Honda automobiles for production, marketing and export of passenger cars in Indonesia.",prospect motor,Prospect Motor Co. is an authorized dealership serving the Prospect area. We are proud to carry a large selection of pre-owned inventory.,Match
honda prospect motor,"PT Honda Prospect Motor (abbreviated HPM) is a subsidiary of Honda automobiles for production, marketing and export of passenger cars in Indonesia.",honda prospects motor,"PT Honda Prospect Motor (abbreviated HPM) is a subsidiary of Honda automobiles for production, marketing and export of passenger cars in Indonesia.",Match
honda prospect motor,"PT Honda Prospect Motor (abbreviated HPM) is a subsidiary of Honda automobiles for production, marketing and export of passenger cars in Indonesia.",honda prospec motor,"PT Honda Prospect Motor (abbreviated HPM) is a subsidiary of Honda automobiles for production, marketing and export of passenger cars in Indonesia.",Match
honda prospect motor,"PT Honda Prospect Motor (abbreviated HPM) is a subsidiary of Honda automobiles for production, marketing and export of passenger cars in Indonesia.",honda prospet motor,"PT Honda Prospect Motor (abbreviated HPM) is a subsidiary of Honda automobiles for production, marketing and export of passenger cars in Indonesia.",Match
honda prospect motor,"PT Honda Prospect Motor (abbreviated HPM) is a subsidiary of Honda automobiles for production, marketing and export of passenger cars in Indonesia.",prospet motor,Prospect Motor Co. is an authorized dealership serving the Prospect area. We are proud to carry a large selection of pre-owned inventory.,Match
pt. visionet internasional,"OVO is the leading digital payment, rewards, and financial services platform in Indonesia.",pt visionet internasional,"OVO is the leading digital payment, rewards, and financial services platform in Indonesia.",Match
pt. visionet internasional,"OVO is the leading digital payment, rewards, and financial services platform in Indonesia.",visionet internasional,"Visionet Internasional PT provides information technology services. The Company offers information security management, information technology operations, and application managed services. Visionet Internasional serves customers in Indonesia.",Match
pt. visionet internasional,"OVO is the leading digital payment, rewards, and financial services platform in Indonesia.",visionet international,No Desc,Match
pt. visionet internasional,"OVO is the leading digital payment, rewards, and financial services platform in Indonesia.",pt visynet internasional,"Visionet Internasional PT provides information technology services. The Company offers information security management, information technology operations, and application managed services. Visionet Internasional serves customers in Indonesia.",Match
pt. visionet internasional,"OVO is the leading digital payment, rewards, and financial services platform in Indonesia.",pt visionet international,"But they also act as consultants, suggesting solutions that suit our expectations. Learn more · Moch SanawiPT Visionet International (OVO) - Senior Merchant ...",Match
pt. visionet internasional,"OVO is the leading digital payment, rewards, and financial services platform in Indonesia.",visionet internaational,"Visionet Internasional PT provides information technology services. The Company offers information security management, information technology operations, and application managed services. Visionet Internasional serves customers in Indonesia.",Match
pt. visionet internasional,"OVO is the leading digital payment, rewards, and financial services platform in Indonesia.",visonet internasional,"Visionet Internasional PT provides information technology services. The Company offers information security management, information technology operations, and application managed services. Visionet Internasional serves customers in Indonesia.",Match
pt chandra asri petrochemical tbk,"Description. PT Chandra Asri Pacific Tbk, together with its subsidiaries, operates as a chemical and infrastructure solutions company in Indonesia. It operates through Olefin, Polyolefin, Styrene Monomer, Butadiene, Methyl Tertiary Butyl Ether & Butene-1, Tanks and Jetty Rental, and Electricity segments.",pt chandra assri petrochemical tbk,"Description. PT Chandra Asri Pacific Tbk, together with its subsidiaries, operates as a chemical and infrastructure solutions company in Indonesia. It operates through Olefin, Polyolefin, Styrene Monomer, Butadiene, Methyl Tertiary Butyl Ether & Butene-1, Tanks and Jetty Rental, and Electricity segments.",Match
pt chandra asri petrochemical tbk,"Description. PT Chandra Asri Pacific Tbk, together with its subsidiaries, operates as a chemical and infrastructure solutions company in Indonesia. It operates through Olefin, Polyolefin, Styrene Monomer, Butadiene, Methyl Tertiary Butyl Ether & Butene-1, Tanks and Jetty Rental, and Electricity segments.",chandra asri petrochemical,"Chandra Asri Group is Indonesia's leading chemical and infrastructure solutions company, operating an integrated petrochemical plant that incorporates world-class, state-of-the-art technology and supporting facilities.",Match
pt chandra asri petrochemical tbk,"Description. PT Chandra Asri Pacific Tbk, together with its subsidiaries, operates as a chemical and infrastructure solutions company in Indonesia. It operates through Olefin, Polyolefin, Styrene Monomer, Butadiene, Methyl Tertiary Butyl Ether & Butene-1, Tanks and Jetty Rental, and Electricity segments.",chandra asri petrochem tbk,"Currently, having the largest integrated petrochemical producer in Indonesia and operates the country's only Naphtha Cracker, Styrene Monomer, Butadiene, MTBE and Butene-1 plants, supported by core infrastructure assets encompassing energy, water and jetty & tank facilities, with new Chlor-Alkali – Ethylene Dichloride ...",Match
pt chandra asri petrochemical tbk,"Description. PT Chandra Asri Pacific Tbk, together with its subsidiaries, operates as a chemical and infrastructure solutions company in Indonesia. It operates through Olefin, Polyolefin, Styrene Monomer, Butadiene, Methyl Tertiary Butyl Ether & Butene-1, Tanks and Jetty Rental, and Electricity segments.",pt cadra asri petrochemical tbk,"Description. PT Chandra Asri Pacific Tbk, together with its subsidiaries, operates as a chemical and infrastructure solutions company in Indonesia. It operates through Olefin, Polyolefin, Styrene Monomer, Butadiene, Methyl Tertiary Butyl Ether & Butene-1, Tanks and Jetty Rental, and Electricity segments.",Match
pt chandra asri petrochemical tbk,"Description. PT Chandra Asri Pacific Tbk, together with its subsidiaries, operates as a chemical and infrastructure solutions company in Indonesia. It operates through Olefin, Polyolefin, Styrene Monomer, Butadiene, Methyl Tertiary Butyl Ether & Butene-1, Tanks and Jetty Rental, and Electricity segments.",pt chandra asri petrochemcial,"Description. PT Chandra Asri Pacific Tbk, together with its subsidiaries, operates as a chemical and infrastructure solutions company in Indonesia. It operates through Olefin, Polyolefin, Styrene Monomer, Butadiene, Methyl Tertiary Butyl Ether & Butene-1, Tanks and Jetty Rental, and Electricity segments.",Match
pt chandra asri petrochemical tbk,"Description. PT Chandra Asri Pacific Tbk, together with its subsidiaries, operates as a chemical and infrastructure solutions company in Indonesia. It operates through Olefin, Polyolefin, Styrene Monomer, Butadiene, Methyl Tertiary Butyl Ether & Butene-1, Tanks and Jetty Rental, and Electricity segments.",pt chandra asri petro,"PT Chandra Asri Petrochemical, Indonesia's largest integrated petrochemical company, unveils Trilene®. HI50TN, Thin Wall Injection Molded (TWIM) poly-.",Match
pt chandra asri petrochemical tbk,"Description. PT Chandra Asri Pacific Tbk, together with its subsidiaries, operates as a chemical and infrastructure solutions company in Indonesia. It operates through Olefin, Polyolefin, Styrene Monomer, Butadiene, Methyl Tertiary Butyl Ether & Butene-1, Tanks and Jetty Rental, and Electricity segments.",chandra asri petroch,"Chandra Asri Group is Indonesia's leading chemical and infrastructure solutions company, operating an integrated petrochemical plant that incorporates world-class, state-of-the-art technology and supporting facilities.",Match
pt hutama karya (persero),"Profile. PT Hutama Karya (Persero) operates as an engineering, procurement, and construction company in Indonesia.",pt hutama karya,"Profile. PT Hutama Karya (Persero) operates as an engineering, procurement, and construction company in Indonesia.",Match
pt hutama karya (persero),"Profile. PT Hutama Karya (Persero) operates as an engineering, procurement, and construction company in Indonesia.",hutama karya,"Hutama Karya, founded in 1960, is an Indonesian state-owned construction company. It also developed the Trans-Sumatra toll road, an over-2800 kilometer long expressway that stretches across the island of Sumatra. Government owned 50% or more. Figures are for fiscal year ended Dec.Jun 18, 2024",Match
pt hutama karya (persero),"Profile. PT Hutama Karya (Persero) operates as an engineering, procurement, and construction company in Indonesia.",pt hutama karya persero,"Profile. PT Hutama Karya (Persero) operates as an engineering, procurement, and construction company in Indonesia.",Match
pt hutama karya (persero),"Profile. PT Hutama Karya (Persero) operates as an engineering, procurement, and construction company in Indonesia.",hutama karya persero,"Profile. PT Hutama Karya (Persero) operates as an engineering, procurement, and construction company in Indonesia.",Match
pt hutama karya (persero),"Profile. PT Hutama Karya (Persero) operates as an engineering, procurement, and construction company in Indonesia.",pt hutma karya (persero),"Profile. PT Hutama Karya (Persero) operates as an engineering, procurement, and construction company in Indonesia.",Match
pt hutama karya (persero),"Profile. PT Hutama Karya (Persero) operates as an engineering, procurement, and construction company in Indonesia.",htama karya (persero),"Profile. PT Hutama Karya (Persero) operates as an engineering, procurement, and construction company in Indonesia.",Match
pt hutama karya (persero),"Profile. PT Hutama Karya (Persero) operates as an engineering, procurement, and construction company in Indonesia.",hutama karya(per),"... LtdHK Hutama Karya PT Persero (HK PT Hutama Karya Per...Hutama Karya IncSIC Code 16,162NAICS Code 23,237Show more. Hutama karya Org Chart. Tommy ...",Match
pt sayap mas utama (wings group indonesia),"Today, Wings is recognized as a leading local manufacturer and distributor of household and personal care products.",pt sayap mas utama,"PT Sayap Mas Utama provides hygiene and home cleaning products. The Company offers various soaps, shampoos, softeners, detergents, skin creams, and cleaning products, as well as tooth brushes and paper products. Sayap Mas Utama serves consumers in Indonesia.",Match
pt sayap mas utama (wings group indonesia),"Today, Wings is recognized as a leading local manufacturer and distributor of household and personal care products.",sayap mas utama,"PT Sayap Mas Utama provides hygiene and home cleaning products. The Company offers various soaps, shampoos, softeners, detergents, skin creams, and cleaning products, as well as tooth brushes and paper products. Sayap Mas Utama serves consumers in Indonesia.",Match
pt sayap mas utama (wings group indonesia),"Today, Wings is recognized as a leading local manufacturer and distributor of household and personal care products.",pt sayapmas utama,"PT Sayap Mas Utama provides hygiene and home cleaning products. The Company offers various soaps, shampoos, softeners, detergents, skin creams, and cleaning products, as well as tooth brushes and paper products. Sayap Mas Utama serves consumers in Indonesia.",Match
pt sayap mas utama (wings group indonesia),"Today, Wings is recognized as a leading local manufacturer and distributor of household and personal care products.",sayap mas utama wings group,"Today, Wings is recognized as a leading local manufacturer and distributor of household and personal care products. Blending local knowledge and advanced manufacturing technologies, Wings is still dedicated to company's vision of providing quality products at affordable prices.",Match
pt sayap mas utama (wings group indonesia),"Today, Wings is recognized as a leading local manufacturer and distributor of household and personal care products.",wings group indonesia,"Wings Group
is a consumer goods company that offers household, personal care, food, and beverage products. range of product portfolio by joint ventures with Lion Japan, Glico Japan, and Calbee Japan.",Match
pt sayap mas utama (wings group indonesia),"Today, Wings is recognized as a leading local manufacturer and distributor of household and personal care products.",sayap mas utama wings,"Today, Wings is recognized as a leading local manufacturer and distributor of household and personal care products. Blending local knowledge and advanced manufacturing technologies, Wings is still dedicated to company's vision of providing quality products at affordable prices.",Match
pt sayap mas utama (wings group indonesia),"Today, Wings is recognized as a leading local manufacturer and distributor of household and personal care products.",sayapmas utama wings group indonesia,No Desc,Match
cifor - center for international forestry research,"Established in 1993, CIFOR is a non-profit scientific institution that operates across the globe, promoting “a more equitable world where forestry and landscapes enhance the environment and well-being for all.” Headquartered in Bogor Indonesia, CIFOR has regional offices located in Lima, Peru, Nairobi, Kenya, and ...",cifor center for international forestry research,"Established in 1993, CIFOR is a non-profit scientific institution that operates across the globe, promoting “a more equitable world where forestry and landscapes enhance the environment and well-being for all.” Headquartered in Bogor Indonesia, CIFOR has regional offices located in Lima, Peru, Nairobi, Kenya, and ...",Match
cifor - center for international forestry research,"Established in 1993, CIFOR is a non-profit scientific institution that operates across the globe, promoting “a more equitable world where forestry and landscapes enhance the environment and well-being for all.” Headquartered in Bogor Indonesia, CIFOR has regional offices located in Lima, Peru, Nairobi, Kenya, and ...",cifor center for international forestry,"CIFOR
is a non-profit, scientific institution that conducts research on the most pressing challenges of forest and landscape management around the world. Using a global, multidisciplinary approach, we aim to improve human well-being, protect the environment, and increase equity.",Match
cifor - center for international forestry research,"Established in 1993, CIFOR is a non-profit scientific institution that operates across the globe, promoting “a more equitable world where forestry and landscapes enhance the environment and well-being for all.” Headquartered in Bogor Indonesia, CIFOR has regional offices located in Lima, Peru, Nairobi, Kenya, and ...",cifor int forestry research,"CIFOR is a non-profit, scientific institution that conducts research on the most pressing challenges of forest and landscape management around the world. Using a global, multidisciplinary approach, we aim to improve human well-being, protect the environment, and increase equity.",Match
cifor - center for international forestry research,"Established in 1993, CIFOR is a non-profit scientific institution that operates across the globe, promoting “a more equitable world where forestry and landscapes enhance the environment and well-being for all.” Headquartered in Bogor Indonesia, CIFOR has regional offices located in Lima, Peru, Nairobi, Kenya, and ...",cifor forestry research,"Jan 26, 2012 —",Match
cifor - center for international forestry research,"Established in 1993, CIFOR is a non-profit scientific institution that operates across the globe, promoting “a more equitable world where forestry and landscapes enhance the environment and well-being for all.” Headquartered in Bogor Indonesia, CIFOR has regional offices located in Lima, Peru, Nairobi, Kenya, and ...",center for international forestry research,"CIFOR
is a non-profit, scientific institution that conducts research on the most pressing challenges of forest and landscape management around the world. Using a global, multidisciplinary approach, we aim to improve human well-being, protect the environment, and increase equity.",Match
cifor - center for international forestry research,"Established in 1993, CIFOR is a non-profit scientific institution that operates across the globe, promoting “a more equitable world where forestry and landscapes enhance the environment and well-being for all.” Headquartered in Bogor Indonesia, CIFOR has regional offices located in Lima, Peru, Nairobi, Kenya, and ...",cifor,"CIFOR-ICRAF connects science with action, creating solutions from the ground up through inclusive partnerships, transdisciplinary research, and demand-driven innovation. Vision: An equitable world in which viable livelihoods in resilient landscapes foster well-being for people, trees and the environment.",Match
cifor - center for international forestry research,"Established in 1993, CIFOR is a non-profit scientific institution that operates across the globe, promoting “a more equitable world where forestry and landscapes enhance the environment and well-being for all.” Headquartered in Bogor Indonesia, CIFOR has regional offices located in Lima, Peru, Nairobi, Kenya, and ...",c.i.f.o.r.,"CIFOR-ICRAF connects science with action, creating solutions from the ground up through inclusive partnerships, transdisciplinary research, and demand-driven innovation. Vision: An equitable world in which viable livelihoods in resilient landscapes foster well-being for people, trees and the environment.",Match
pt asuransi sinar mas,"PT Asuransi Sinar Mas (ASM) is a leading Indonesian non-life insurer, with a market share of around 13% by gross written premium (GWP) in 2021. Its robust market position stems from strong branding, multiple distribution channels and solid infrastructure.Aug 1, 2022",pt asuransi sinar mass,"PT Asuransi Sinar Mas (ASM) is a leading Indonesian non-life insurer, with a market share of around 13% by gross written premium (GWP) in 2021. Its robust market position stems from strong branding, multiple distribution channels and solid infrastructure.Aug 1, 2022",Match
pt asuransi sinar mas,"PT Asuransi Sinar Mas (ASM) is a leading Indonesian non-life insurer, with a market share of around 13% by gross written premium (GWP) in 2021. Its robust market position stems from strong branding, multiple distribution channels and solid infrastructure.Aug 1, 2022",asuransi sinar mas,"PT Asuransi Sinar Mas (ASM) is a leading Indonesian non-life insurer, with a market share of around 13% by gross written premium (GWP) in 2021. Its robust market position stems from strong branding, multiple distribution channels and solid infrastructure.Aug 1, 2022",Match
pt asuransi sinar mas,"PT Asuransi Sinar Mas (ASM) is a leading Indonesian non-life insurer, with a market share of around 13% by gross written premium (GWP) in 2021. Its robust market position stems from strong branding, multiple distribution channels and solid infrastructure.Aug 1, 2022",asuransi sinarmas,Asuransi Sinarmas PT is headquartered in Indonesia. The company's line of business includes the underwriting of life insurance.,Match
pt asuransi sinar mas,"PT Asuransi Sinar Mas (ASM) is a leading Indonesian non-life insurer, with a market share of around 13% by gross written premium (GWP) in 2021. Its robust market position stems from strong branding, multiple distribution channels and solid infrastructure.Aug 1, 2022",pt sinar mas asuransi,Untuk cara klaim melahirkan dengan PT Sinar Mas Asuransi lebih lengkap sila cek tab Klaim. Berapa biaya premi Asuransi Sinar Mas? Cari tahu premi Asuransi ...,Match
pt asuransi sinar mas,"PT Asuransi Sinar Mas (ASM) is a leading Indonesian non-life insurer, with a market share of around 13% by gross written premium (GWP) in 2021. Its robust market position stems from strong branding, multiple distribution channels and solid infrastructure.Aug 1, 2022",asuransi sinar mas tbk,"securities of PT Asuransi Sinar Mas Tbk, PT Asuransi Jiwa Sinarmas and PT Bank Sinarmas. Tbk and changes in fair values of derivative instruments of PT Oto ...",Match
pt asuransi sinar mas,"PT Asuransi Sinar Mas (ASM) is a leading Indonesian non-life insurer, with a market share of around 13% by gross written premium (GWP) in 2021. Its robust market position stems from strong branding, multiple distribution channels and solid infrastructure.Aug 1, 2022",asuransi sinar mass,"PT Asuransi Sinar Mas (ASM) is a leading Indonesian non-life insurer, with a market share of around 13% by gross written premium (GWP) in 2021. Its robust market position stems from strong branding, multiple distribution channels and solid infrastructure.Aug 1, 2022",Match
pt asuransi sinar mas,"PT Asuransi Sinar Mas (ASM) is a leading Indonesian non-life insurer, with a market share of around 13% by gross written premium (GWP) in 2021. Its robust market position stems from strong branding, multiple distribution channels and solid infrastructure.Aug 1, 2022",sinarmas insurance,"The company was founded in 1985 under the name Sinar Mas Dipta Loss Insurance and underwent a name change to PT Asuransi Sinar Mas in 1991. With more than 3 decades of experience in the insurance industry, the Company provides a variety of general insurance products and innovative services according to customer needs.Feb 16, 2021",Match
pt gunanusa utama fabricators,Gunanusa has built a reputation as a reliable and one of the leading heavy engineering and steel fabrication companies in Indonesia with an excellent track record for turnkey execution of oil & gas projects. Gunanusa's main forte is in the fabrication of all kinds of oil & gas platforms.,pt gunanusa utama,Gunanusa has built a reputation as a reliable and one of the leading heavy engineering and steel fabrication companies in Indonesia with an excellent track record for turnkey execution of oil & gas projects. Gunanusa's main forte is in the fabrication of all kinds of oil & gas platforms.,Match
pt gunanusa utama fabricators,Gunanusa has built a reputation as a reliable and one of the leading heavy engineering and steel fabrication companies in Indonesia with an excellent track record for turnkey execution of oil & gas projects. Gunanusa's main forte is in the fabrication of all kinds of oil & gas platforms.,pt gunanusa fabricators,by K Khaeruman · 2024 —,Match
pt gunanusa utama fabricators,Gunanusa has built a reputation as a reliable and one of the leading heavy engineering and steel fabrication companies in Indonesia with an excellent track record for turnkey execution of oil & gas projects. Gunanusa's main forte is in the fabrication of all kinds of oil & gas platforms.,pt gunanusa utama fabrikators,Gunanusa has built a reputation as a reliable and one of the leading heavy engineering and steel fabrication companies in Indonesia with an excellent track record for turnkey execution of oil & gas projects. Gunanusa's main forte is in the fabrication of all kinds of oil & gas platforms.,Match
pt gunanusa utama fabricators,Gunanusa has built a reputation as a reliable and one of the leading heavy engineering and steel fabrication companies in Indonesia with an excellent track record for turnkey execution of oil & gas projects. Gunanusa's main forte is in the fabrication of all kinds of oil & gas platforms.,gunanusa utama fabricators,"Gunanusa Utama Fabricators PT manufactures offshore platforms, container cranes, boilers, and pressure vessels. The Company provides engineering, procurement, construction, fabrication, and installation services. Gunanusa Utama Fabricators markets to customers throughout Indonesia.",Match
pt gunanusa utama fabricators,Gunanusa has built a reputation as a reliable and one of the leading heavy engineering and steel fabrication companies in Indonesia with an excellent track record for turnkey execution of oil & gas projects. Gunanusa's main forte is in the fabrication of all kinds of oil & gas platforms.,pt gunanusa u f,No Desc,Match
pt gunanusa utama fabricators,Gunanusa has built a reputation as a reliable and one of the leading heavy engineering and steel fabrication companies in Indonesia with an excellent track record for turnkey execution of oil & gas projects. Gunanusa's main forte is in the fabrication of all kinds of oil & gas platforms.,pt guf,"PT. MBF PT.GUF PT.JSE, Jakarta, Indonesia. Local business.",Match
pt gunanusa utama fabricators,Gunanusa has built a reputation as a reliable and one of the leading heavy engineering and steel fabrication companies in Indonesia with an excellent track record for turnkey execution of oil & gas projects. Gunanusa's main forte is in the fabrication of all kinds of oil & gas platforms.,gunanusa utama,"Gunanusa Utama Fabricators PT manufactures offshore platforms, container cranes, boilers, and pressure vessels. The Company provides engineering, procurement, construction, fabrication, and installation services. Gunanusa Utama Fabricators markets to customers throughout Indonesia.",Match
pt tigaraksa satria tbk,"The company is engaged in the business of sales and distribution in a national wide scale. Currently, activities run by the company through its business unit and subsidiaries are Consumer Products, Direct selling of Educational Products, Gas Refill & appliances, and dry milk manufacture.",pt tigaraksa satria,"The company is engaged in the business of sales and distribution in a national wide scale. Currently, activities run by the company through its business unit and subsidiaries are Consumer Products, Direct selling of Educational Products, Gas Refill & appliances, and dry milk manufacture.",Match
pt tigaraksa satria tbk,"The company is engaged in the business of sales and distribution in a national wide scale. Currently, activities run by the company through its business unit and subsidiaries are Consumer Products, Direct selling of Educational Products, Gas Refill & appliances, and dry milk manufacture.",pt tigaraksa,"The company is engaged in the business of sales and distribution in a national wide scale. Currently, activities run by the company through its business unit and subsidiaries are Consumer Products, Direct selling of Educational Products, Gas Refill & appliances, and dry milk manufacture.",Match
pt tigaraksa satria tbk,"The company is engaged in the business of sales and distribution in a national wide scale. Currently, activities run by the company through its business unit and subsidiaries are Consumer Products, Direct selling of Educational Products, Gas Refill & appliances, and dry milk manufacture.",tigaraksa satria tbk,"The company is engaged in the business of sales and distribution in a national wide scale. Currently, activities run by the company through its business unit and subsidiaries are Consumer Products, Direct selling of Educational Products, Gas Refill & appliances, and dry milk manufacture.",Match
pt tigaraksa satria tbk,"The company is engaged in the business of sales and distribution in a national wide scale. Currently, activities run by the company through its business unit and subsidiaries are Consumer Products, Direct selling of Educational Products, Gas Refill & appliances, and dry milk manufacture.",tigaraksa tbk,"Company Information ... Tigaraksa Satria, Pt Tigaraksa Satria Ujung Serdang Tj Morawa, Colgate Palmolive Indonesia Pt, Pt Tigaraksa Tbk, Pemilik Pt Tigaraksa ...",Match
pt tigaraksa satria tbk,"The company is engaged in the business of sales and distribution in a national wide scale. Currently, activities run by the company through its business unit and subsidiaries are Consumer Products, Direct selling of Educational Products, Gas Refill & appliances, and dry milk manufacture.",pt ts tbk,No Desc,Match
pt tigaraksa satria tbk,"The company is engaged in the business of sales and distribution in a national wide scale. Currently, activities run by the company through its business unit and subsidiaries are Consumer Products, Direct selling of Educational Products, Gas Refill & appliances, and dry milk manufacture.",ts tbk,TS=TBK=TGM. In my opinion. Upvote 4. Downvote Reply reply ... company. listening to TBK gives me nostalgia of discovering swans. tho on some ...,Match
pt tigaraksa satria tbk,"The company is engaged in the business of sales and distribution in a national wide scale. Currently, activities run by the company through its business unit and subsidiaries are Consumer Products, Direct selling of Educational Products, Gas Refill & appliances, and dry milk manufacture.",tigaraksa s tbk,"The company is engaged in the business of sales and distribution in a national wide scale. Currently, activities run by the company through its business unit and subsidiaries are Consumer Products, Direct selling of Educational Products, Gas Refill & appliances, and dry milk manufacture.",Match
iss indonesia,"About us. ISS
, a leading workplace experience and facility management company, provides placemaking solutions that contribute to better business performance and makes life easier, more productive and enjoyable – delivered to high standards by people who care.",iss indonezia,"About us. ISS
, a leading workplace experience and facility management company, provides placemaking solutions that contribute to better business performance and makes life easier, more productive and enjoyable – delivered to high standards by people who care.",Match
iss indonesia,"About us. ISS
, a leading workplace experience and facility management company, provides placemaking solutions that contribute to better business performance and makes life easier, more productive and enjoyable – delivered to high standards by people who care.",is indonesia,Who are the main players? What are the risks? What is Indonesia's position in the broader world perspective? Visit Indonesia's industries & sectors page. Risks.,Match
iss indonesia,"About us. ISS
, a leading workplace experience and facility management company, provides placemaking solutions that contribute to better business performance and makes life easier, more productive and enjoyable – delivered to high standards by people who care.",iss indo,"... business world by selling foreign cars and liquors in the US. As the company grew the decision to offshore IT work was implemented, giving (ISS) Indo ...",Match
iss indonesia,"About us. ISS
, a leading workplace experience and facility management company, provides placemaking solutions that contribute to better business performance and makes life easier, more productive and enjoyable – delivered to high standards by people who care.",i s s indonesia,"About us. ISS
, a leading workplace experience and facility management company, provides placemaking solutions that contribute to better business performance and makes life easier, more productive and enjoyable – delivered to high standards by people who care.",Match
iss indonesia,"About us. ISS
, a leading workplace experience and facility management company, provides placemaking solutions that contribute to better business performance and makes life easier, more productive and enjoyable – delivered to high standards by people who care.",issindonesia,"About us. ISS
, a leading workplace experience and facility management company, provides placemaking solutions that contribute to better business performance and makes life easier, more productive and enjoyable – delivered to high standards by people who care.",Match
iss indonesia,"About us. ISS
, a leading workplace experience and facility management company, provides placemaking solutions that contribute to better business performance and makes life easier, more productive and enjoyable – delivered to high standards by people who care.",iss indonisia,"About us. ISS
, a leading workplace experience and facility management company, provides placemaking solutions that contribute to better business performance and makes life easier, more productive and enjoyable – delivered to high standards by people who care.",Match
iss indonesia,"About us. ISS
, a leading workplace experience and facility management company, provides placemaking solutions that contribute to better business performance and makes life easier, more productive and enjoyable – delivered to high standards by people who care.",is indonezia,Who are the main players? What are the risks? What is Indonesia's position in the broader world perspective? Visit Indonesia's industries & sectors page. Risks.,Match
pt. pelabuhan indonesia ii or indonesia port corporation ii,"Company information for Pt. Pelabuhan Indonesia Ii Or Indonesia Port Corporation Ii , including website, description, revenue, employees, headquarters, ...",pt. pelabuhan indonesia ii,PT Pelabuhan Indonesia II (Persero) is a leading provider of port management services in Indonesia and is setting new standards in the industry having recently transformed into the Indonesian Port Corporation (IPC).,Match
pt. pelabuhan indonesia ii or indonesia port corporation ii,"Company information for Pt. Pelabuhan Indonesia Ii Or Indonesia Port Corporation Ii , including website, description, revenue, employees, headquarters, ...",indonesia port corporation ii,About us. PT Pelabuhan Indonesia II (IPC) was born as a follow-up to Law No. 21 of 1992 regarding business entity port. PT Pelindo II is one of the state in the transport sector which is engaged in the management and operation of public ports. Companies operating areas include 10 provinces to manage 12 ports.,Match
pt. pelabuhan indonesia ii or indonesia port corporation ii,"Company information for Pt. Pelabuhan Indonesia Ii Or Indonesia Port Corporation Ii , including website, description, revenue, employees, headquarters, ...",pt pelindo ii,"Pelindo officially founded on 1 October 2021 as a result of integration between four state-owned enterprises PT Pelindo I (Persero), PT Pelindo II (Persero), PT ...",Match
pt. pelabuhan indonesia ii or indonesia port corporation ii,"Company information for Pt. Pelabuhan Indonesia Ii Or Indonesia Port Corporation Ii , including website, description, revenue, employees, headquarters, ...",pelindo ii,PT Pelabuhan Indonesia II (Persero) is a leading provider of port management services in Indonesia and is setting new standards in the industry having recently transformed into the Indonesian Port Corporation (IPC).,Match
pt. pelabuhan indonesia ii or indonesia port corporation ii,"Company information for Pt. Pelabuhan Indonesia Ii Or Indonesia Port Corporation Ii , including website, description, revenue, employees, headquarters, ...",indonesia port corp ii,"Local Port Name : Port of Tanjung Priok, Port Authority : Indonesia Port Corp II, Port Code : IDTPP, Type : Seaport, Latitude : 6° 7' 0"" S, Longitude : 106° 52 ...",Match
pt. pelabuhan indonesia ii or indonesia port corporation ii,"Company information for Pt. Pelabuhan Indonesia Ii Or Indonesia Port Corporation Ii , including website, description, revenue, employees, headquarters, ...",pelabuhani ii,PERUM Pelabuhan II (Public Port Corporation II) established by the Government Regulation No. 15 of 1983 was one of four Public Port Companies to manage commercial ports.,Match
pt. pelabuhan indonesia ii or indonesia port corporation ii,"Company information for Pt. Pelabuhan Indonesia Ii Or Indonesia Port Corporation Ii , including website, description, revenue, employees, headquarters, ...",pt pelabuhan indo ii,PT Pelabuhan Indonesia II (Persero) is a leading provider of port management services in Indonesia and is setting new standards in the industry having recently transformed into the Indonesian Port Corporation (IPC).,Match
star energy,"Star Energy Group plc is an onshore energy business.
Our primary focus has been on oil and gas extraction, but we are now using our existing and highly complementary skill set to develop and build a geothermal business of scale, as we transition to a renewable future.",starr energy,"Starr Energy provides wind turbine installation and maintenance, site survey, solar power, home standby generators, electrical service work, electrical vehicle charging stations, and residential and commercial remodeling. We want to make your investment in electrical energy comfortable, reliable, and long-lasting.",Match
star energy,"Star Energy Group plc is an onshore energy business.
Our primary focus has been on oil and gas extraction, but we are now using our existing and highly complementary skill set to develop and build a geothermal business of scale, as we transition to a renewable future.",star energi,"Star Energy Group plc is an onshore energy business.
Our primary focus has been on oil and gas extraction, but we are now using our existing and highly complementary skill set to develop and build a geothermal business of scale, as we transition to a renewable future.",Match
star energy,"Star Energy Group plc is an onshore energy business.
Our primary focus has been on oil and gas extraction, but we are now using our existing and highly complementary skill set to develop and build a geothermal business of scale, as we transition to a renewable future.",s tar energy,"Mar 7, 2022 —",Match
star energy,"Star Energy Group plc is an onshore energy business.
Our primary focus has been on oil and gas extraction, but we are now using our existing and highly complementary skill set to develop and build a geothermal business of scale, as we transition to a renewable future.",starenergy,"logo-starenergy · Oil & Gas · Geothermal. About Us. Star Energy was established in 2003 as an national energy company, with its base of operation in Indonesia.",Match
star energy,"Star Energy Group plc is an onshore energy business.
Our primary focus has been on oil and gas extraction, but we are now using our existing and highly complementary skill set to develop and build a geothermal business of scale, as we transition to a renewable future.",stenergy,"Stenergy · Management, Scientific, and Technical Consulting Services · Computer Systems Design and Related Services · Business Support Services ...",Match
star energy,"Star Energy Group plc is an onshore energy business.
Our primary focus has been on oil and gas extraction, but we are now using our existing and highly complementary skill set to develop and build a geothermal business of scale, as we transition to a renewable future.",ser energy,"At Serenergy Corp, we care about doing the job correctly. Our business model is centered on one thing – top-notch talent.",Match
star energy,"Star Energy Group plc is an onshore energy business.
Our primary focus has been on oil and gas extraction, but we are now using our existing and highly complementary skill set to develop and build a geothermal business of scale, as we transition to a renewable future.",s. energy,"S-Energy Co., Ltd. develops and provides total solution for solar photovoltaic including solar cell module such as system design, production, integration, installation, maintenance and remote monitoring and control. The Company also constructs solar power plant and provides other new and renewable energy.",Match
ayana resort and spa bali,AYANA's traditional-style accommodation includes a 290-room hotel and The Villas at AYANA Resort's 78 private pool villas. The unique recreational and well-being experiences include the world's largest Aquatonic Seawater Therapy Pool and Spa on the Rocks treatment villas amidst the ocean.,ayana resort spa bali,"Bali's only fully integrated resort
Award-winning AYANA Resort and Spa, BALI is a world–class destination resort located on 90 hectares of cliff-top land perched above Jimbaran Bay, just 10 kilometers from Bali airport.",Match
ayana resort and spa bali,AYANA's traditional-style accommodation includes a 290-room hotel and The Villas at AYANA Resort's 78 private pool villas. The unique recreational and well-being experiences include the world's largest Aquatonic Seawater Therapy Pool and Spa on the Rocks treatment villas amidst the ocean.,ayana resort bali,"The award-winning AYANA Resort Bali is committed to providing world-class service to each guest. Offering the best highlights of Balinese culture, breathtaking scenery and unparalleled spa and wellness facilities, AYANA is a rejuvenating and wellness-giving destination getaway and hideaway.",Match
ayana resort and spa bali,AYANA's traditional-style accommodation includes a 290-room hotel and The Villas at AYANA Resort's 78 private pool villas. The unique recreational and well-being experiences include the world's largest Aquatonic Seawater Therapy Pool and Spa on the Rocks treatment villas amidst the ocean.,ayana r and s bali,"The award-winning AYANA Resort Bali is committed to providing world-class service to each guest. Offering the best highlights of Balinese culture, breathtaking scenery and unparalleled spa and wellness facilities, AYANA is a rejuvenating and wellness-giving destination getaway and hideaway.",Match
ayana resort and spa bali,AYANA's traditional-style accommodation includes a 290-room hotel and The Villas at AYANA Resort's 78 private pool villas. The unique recreational and well-being experiences include the world's largest Aquatonic Seawater Therapy Pool and Spa on the Rocks treatment villas amidst the ocean.,ayana resort & spa bali,No Desc,Match
ayana resort and spa bali,AYANA's traditional-style accommodation includes a 290-room hotel and The Villas at AYANA Resort's 78 private pool villas. The unique recreational and well-being experiences include the world's largest Aquatonic Seawater Therapy Pool and Spa on the Rocks treatment villas amidst the ocean.,ar and s bali,It's easy if you have 100k free to start a business with and another 50k to keep it running and 5-10 years before you make a profit of any kind.,Match
ayana resort and spa bali,AYANA's traditional-style accommodation includes a 290-room hotel and The Villas at AYANA Resort's 78 private pool villas. The unique recreational and well-being experiences include the world's largest Aquatonic Seawater Therapy Pool and Spa on the Rocks treatment villas amidst the ocean.,ayana r s bali,No Desc,Match
ayana resort and spa bali,AYANA's traditional-style accommodation includes a 290-room hotel and The Villas at AYANA Resort's 78 private pool villas. The unique recreational and well-being experiences include the world's largest Aquatonic Seawater Therapy Pool and Spa on the Rocks treatment villas amidst the ocean.,ayana resort and spa,"The award-winning AYANA Resort Bali is committed to providing world-class service to each guest. Offering the best highlights of Balinese culture, breathtaking scenery and unparalleled spa and wellness facilities, AYANA is a rejuvenating and wellness-giving destination getaway and hideaway.",Match
pt timas suplindo,"Founded in 1989 as a fabricator and erector of mechanical equipment company, Timas has now transformed and established as one of Indonesian leading onshore & offshore EPCIC contractor.",pt temis suplindo,"Founded in 1989 as a fabricator and erector of mechanical equipment company, Timas has now transformed and established as one of Indonesian leading onshore & offshore EPCIC contractor.",Match
pt timas suplindo,"Founded in 1989 as a fabricator and erector of mechanical equipment company, Timas has now transformed and established as one of Indonesian leading onshore & offshore EPCIC contractor.",pt timas suplndo,"Founded in 1989 as a fabricator and erector of mechanical equipment company, Timas has now transformed and established as one of Indonesian leading onshore & offshore EPCIC contractor.",Match
pt timas suplindo,"Founded in 1989 as a fabricator and erector of mechanical equipment company, Timas has now transformed and established as one of Indonesian leading onshore & offshore EPCIC contractor.",timas suplindo,"Founded in 1989 as a fabricator and erector of mechanical equipment company, Timas has now transformed and established as one of Indonesian leading onshore & offshore EPCIC contractor. With decades of experiences, we are able to deliver the most promising outcome and are always a step ahead from our competitors.",Match
pt timas suplindo,"Founded in 1989 as a fabricator and erector of mechanical equipment company, Timas has now transformed and established as one of Indonesian leading onshore & offshore EPCIC contractor.",timasuplindo,"Founded in 1989 as a fabricator and erector of mechanical equipment company, Timas has now transformed and established as one of Indonesian leading onshore & offshore EPCIC contractor. With decades of experiences, we are able to deliver the most promising outcome and are always a step ahead from our competitors.",Match
pt timas suplindo,"Founded in 1989 as a fabricator and erector of mechanical equipment company, Timas has now transformed and established as one of Indonesian leading onshore & offshore EPCIC contractor.",pt t suplindo,"PT Timas Suplindo (Indonesia)
The company operates in the Fabricated Structural Metal Manufacturing industry. It was incorporated on November 21, 1989. The company's latest financial report indicates a net sales revenue increase of 19.16% in 2022. Its' total assets recorded a growth of 19.22%.Feb 28, 2024",Match
pt timas suplindo,"Founded in 1989 as a fabricator and erector of mechanical equipment company, Timas has now transformed and established as one of Indonesian leading onshore & offshore EPCIC contractor.",pt timas supli,No Desc,Match
pt timas suplindo,"Founded in 1989 as a fabricator and erector of mechanical equipment company, Timas has now transformed and established as one of Indonesian leading onshore & offshore EPCIC contractor.",p timas suplindo,"What company does Timas Suplindo work for? Timas Suplindo works for Alphagraha as SOFTWARE ADOBE ACROBAT PRO, Qty What is Timas Suplindo's role in Alphagraha?",Match
pt asuransi adira dinamika (adira insurance),"After its success in establishing its branded car insurance product known as Autocillin, launched in September 2003, it then followed with a motorcycle insurance product called Motopro, currently the Company is also recognised for other leading insurance products including property, accident and health, heavy equipment ...",pt asuransi adira dinamika,"After its success in establishing its branded car insurance product known as Autocillin, launched in September 2003, it then followed with a motorcycle insurance product called Motopro, currently the Company is also recognised for other leading insurance products including property, accident and health, heavy equipment ...",Match
pt asuransi adira dinamika (adira insurance),"After its success in establishing its branded car insurance product known as Autocillin, launched in September 2003, it then followed with a motorcycle insurance product called Motopro, currently the Company is also recognised for other leading insurance products including property, accident and health, heavy equipment ...",adira insurance,"Adira Insurance operates as a general insurance company. It offers wide range of insurance facilities including motor vehicle insurance, non-motor vehicle insurance, health, personal accident, property, heavy equipment, vessel, and engineering insurance.",Match
pt asuransi adira dinamika (adira insurance),"After its success in establishing its branded car insurance product known as Autocillin, launched in September 2003, it then followed with a motorcycle insurance product called Motopro, currently the Company is also recognised for other leading insurance products including property, accident and health, heavy equipment ...",pt a a dinamika,"PT. Dinamika Expressindo is a leading freight forwarder and logistics provider in Indonesia, established in 1991. The company is one of the fastest growing ...",Match
pt asuransi adira dinamika (adira insurance),"After its success in establishing its branded car insurance product known as Autocillin, launched in September 2003, it then followed with a motorcycle insurance product called Motopro, currently the Company is also recognised for other leading insurance products including property, accident and health, heavy equipment ...",asuransi adira,"After its success in establishing its branded car insurance product known as Autocillin, launched in September 2003, it then followed with a motorcycle insurance product called Motopro, currently the Company is also recognised for other leading insurance products including property, accident and health, heavy equipment ...",Match
pt asuransi adira dinamika (adira insurance),"After its success in establishing its branded car insurance product known as Autocillin, launched in September 2003, it then followed with a motorcycle insurance product called Motopro, currently the Company is also recognised for other leading insurance products including property, accident and health, heavy equipment ...",adira dinamika,"The Company provides car financing; motorcycle financing; multipurpose financing; and electronic, furniture and gadget financing. It offers the convenience of owning a new and used car on credit from a selection of brands.",Match
pt asuransi adira dinamika (adira insurance),"After its success in establishing its branded car insurance product known as Autocillin, launched in September 2003, it then followed with a motorcycle insurance product called Motopro, currently the Company is also recognised for other leading insurance products including property, accident and health, heavy equipment ...",pt a a insurance,PT Capital Life Syariah (Calisa) and PT AA Insurance Brokers (AAP) signed a marketing cooperation agreement for Financing Capital Insurance products on ...,Match
pt asuransi adira dinamika (adira insurance),"After its success in establishing its branded car insurance product known as Autocillin, launched in September 2003, it then followed with a motorcycle insurance product called Motopro, currently the Company is also recognised for other leading insurance products including property, accident and health, heavy equipment ...",pt adira insurance,No Desc,Match
pt. indonesia oppo electronics,"Find company research, competitor information, contact details & financial data for PT. INDONESIA OPPO ELECTRONICS of Kota Administrasi Jakarta Selatan, ...",indonesia oppo electronics,"Indonesia OPPO Electronics, the local unit of Guangdong-based smartphone manufacturer OPPO Electronics, has increased its local production capacity by more than 50 percent as it anticipates rising demand from Indonesian customers and a new, expanded export market in 2017.Jan 2, 2017",Match
pt. indonesia oppo electronics,"Find company research, competitor information, contact details & financial data for PT. INDONESIA OPPO ELECTRONICS of Kota Administrasi Jakarta Selatan, ...",oppo indonesia,"The selfie expert and leader, OPPO is ranked as the number top 5 smartphone brand globally and is providing excellent selfie experiences to more and more young people around the world. For the last 10 years, OPPO has been focusing on selfie technology breakthroughs.",Match
pt. indonesia oppo electronics,"Find company research, competitor information, contact details & financial data for PT. INDONESIA OPPO ELECTRONICS of Kota Administrasi Jakarta Selatan, ...",indonesia oppo,"Indonesia OPPO Electronics, the local unit of Guangdong-based smartphone manufacturer OPPO Electronics, has increased its local production capacity by more than 50 percent as it anticipates rising demand from Indonesian customers and a new, expanded export market in 2017.Jan 2, 2017",Match
pt. indonesia oppo electronics,"Find company research, competitor information, contact details & financial data for PT. INDONESIA OPPO ELECTRONICS of Kota Administrasi Jakarta Selatan, ...",pt oppo electronics,ms Oppo; my Oppo; ne ओप्पो इलेक्ट्रानिक्स; nl Oppo; no Oppo; pa ਓਪੋ; pl Oppo; pt Oppo Electronics; qu Oppo; ro OPPO; ru Oppo; sah OPPO; simple Oppo Electronics; sk Oppo ...,Match
pt. indonesia oppo electronics,"Find company research, competitor information, contact details & financial data for PT. INDONESIA OPPO ELECTRONICS of Kota Administrasi Jakarta Selatan, ...",indonesia o e,"India Bank Intl Indonesia: OE: Postage, Telegrams, Telephone and etc (INR mn), 2.332 2018. India Bank Intl Indonesia: OE: Repairs and Maintenance (INR mn) ...",Match
pt. indonesia oppo electronics,"Find company research, competitor information, contact details & financial data for PT. INDONESIA OPPO ELECTRONICS of Kota Administrasi Jakarta Selatan, ...",oppo electronics,"OPPO Electronics Corporation is an electronics manufacturer based in Dongguan, Guangdong, China. Its major product lines include MP3 players, portable Media players, LCD-TVs, e-books, DVD/Blu-ray Disc players, and mobile phones.",Match
pt. indonesia oppo electronics,"Find company research, competitor information, contact details & financial data for PT. INDONESIA OPPO ELECTRONICS of Kota Administrasi Jakarta Selatan, ...",pt indonesia oppo,"Find company research, competitor information, contact details & financial data for PT. INDONESIA OPPO ELECTRONICS of Kota Administrasi Jakarta Selatan, ...",Match
